,date,transaction_id,customer_id,department,category,sku,price,discount,month,revenue
386473,2024/07/27,616707271259,C51122312310,Women,Tops,Hoodie,40.77,0.0,07,40.77
386807,2024/08/08,217431436611,C74794619166,Women,Bottoms,Jeggings,31.77,0.0,08,31.77
386974,2024/03/12,143536085027,C17570971033,Men,Bottoms,Suit Trousers,55.77,0.0,03,55.77
387142,2024/02/17,623446667707,C93389351839,Men,Shirts,Long-Sleeve Shirt,33.77,0.0,02,33.77
387204,2024/09/24,879707123318,C06001472924,Women,Tops,Sweater,34.77,0.0,09,34.77
387271,2025/08/23,59105524282,C54142799022,Women,Bottoms,Jeggings,31.77,0.0,08,31.77
387380,2024/02/22,252023535067,C58957710588,Women,Tops,Hoodie,40.77,0.0,02,40.77
387398,2025/03/19,817866289684,C91658257853,Men,Bottoms,Joggers,33.77,0.0,03,33.77
387619,2024/10/06,848224857672,C82923563994,Men,Bottoms,Corduroy Pants,38.77,0.0,10,38.77
387672,2025/04/23,900284531573,C47945614526,Women,Tops,Sweater,34.77,0.0,04,34.77
387721,2024/04/12,530003408047,C34816844186,Men,Bottoms,Joggers,33.77,0.0,04,33.77
387777,2025/09/26,465632509700,C62665164952,Women,Bottoms,Jeggings,31.77,0.0,09,31.77
387785,2025/07/08,303825278031,C95519997538,Women,Tops,Sweater,34.77,0.0,07,34.77
387884,2024/10/23,365583236750,C60710289257,Men,Bottoms,Jeans,28.77,0.0,10,28.77
388130,2024/05/17,183675223038,C58773506701,Women,Bottoms,Jeggings,31.77,0.0,05,31.77
388176,2025/08/06,953975654368,C77955094060,Men,Shirts,Flannel Shirt,35.77,0.0,08,35.77
388215,2025/08/24,652751079192,C46686724271,Women,Tops,Sweater,34.77,0.0,08,34.77
388218,2024/07/05,362452663314,C06582920491,Women,Bottoms,Jeans,29.77,0.0,07,29.77
388402,2025/05/05,663211933954,C91996274081,Women,Bottoms,Leggings,28.77,0.0,05,28.77
388557,2024/10/22,332545176607,C30620193691,Men,Bottoms,Suit Trousers,55.77,0.0,10,55.77
388662,2024/01/12,635106746578,C48188559894,Men,Shirts,Flannel Shirt,35.77,0.0,01,35.77
388697,2025/08/02,651603337471,C15134344124,Women,Bottoms,Wide-Leg Pants,37.77,0.0,08,37.77
388844,2024/03/14,561463457677,C90448912647,Men,Shirts,Henley Shirt,41.77,0.0,03,41.77
388850,2024/08/23,965699009822,C35854708219,Men,Shirts,Crew Neck Shirt,22.77,0.0,08,22.77
388883,2025/03/18,70600655825,C23795936971,Men,Bottoms,Dress Pants,45.77,0.0,03,45.77
388995,2025/08/09,811042627451,C68428468006,Women,Tops,Sweater,34.77,0.0,08,34.77
389006,2024/03/11,378924254600,C28731026910,Women,Tops,Sweater,34.77,0.0,03,34.77
389288,2023/12/23,198750926145,C30024278596,Women,Tops,Hoodie,40.77,0.0,12,40.77
389322,2025/05/07,930695560117,C38262387794,Men,Bottoms,Suit Trousers,55.77,0.0,05,55.77
389358,2024/08/02,527084344881,C32842680707,Men,Shirts,Flannel Shirt,35.77,0.0,08,35.77
389728,2025/10/06,289792146538,C44753668074,Men,Bottoms,Corduroy Pants,38.77,0.0,10,38.77
389741,2025/10/15,54065554008,C82920695492,Women,Tops,Hoodie,40.77,0.0,10,40.77
389842,2024/04/09,925825168023,C98572761668,Men,Bottoms,Suit Trousers,55.77,0.0,04,55.77
389889,2024/05/21,803695320060,C61450411414,Women,Bottoms,Jeans,29.77,0.0,05,29.77
390177,2025/07/11,408202356191,C51802137709,Women,Bottoms,Jeans,29.77,0.0,07,29.77
390313,2024/11/14,326986422666,C01881732865,Men,Bottoms,Corduroy Pants,38.77,0.0,11,38.77
390349,2024/09/03,159818188828,C22684824800,Men,Shirts,Long-Sleeve Shirt,33.77,0.0,09,33.77
390690,2025/07/15,761710998664,C58319337462,Men,Shirts,Henley Shirt,41.77,0.0,07,41.77
390765,2024/08/09,286746695793,C25132569447,Men,Shirts,Flannel Shirt,35.77,0.0,08,35.77
390900,2025/01/29,816849118300,C55647837443,Women,Tops,Hoodie,40.77,0.0,01,40.77
390950,2025/06/27,369142989257,C46452261083,Women,Bottoms,Jeans,29.77,0.0,06,29.77
391003,2024/05/10,222624757174,C52024987422,Women,Bottoms,Jeggings,31.77,0.0,05,31.77
391113,2024/11/11,665722112013,C89060504706,Women,Bottoms,Leggings,28.77,0.0,11,28.77
391515,2024/02/17,857217598221,C95605231663,Women,Bottoms,Wide-Leg Pants,37.77,0.0,02,37.77
391568,2024/01/29,735924065077,C02857996122,Men,Bottoms,Joggers,33.77,0.0,01,33.77
391606,2024/11/07,63642056767,C46716163249,Men,Bottoms,Corduroy Pants,38.77,0.0,11,38.77
391709,2025/04/29,272906769719,C94881841149,Women,Tops,Hoodie,40.77,0.0,04,40.77
391799,2024/06/28,233436241970,C96768341812,Men,Bottoms,Corduroy Pants,38.77,0.0,06,38.77
391814,2025/08/01,903067336207,C28572733634,Men,Shirts,Long-Sleeve Shirt,33.77,0.0,08,33.77
391913,2024/07/07,694736461120,C39537569313,Men,Bottoms,Dress Pants,45.77,0.0,07,45.77
392151,2024/09/04,727537923977,C44555251817,Men,Shirts,Henley Shirt,41.77,0.0,09,41.77
392158,2025/01/07,599830610218,C95596452477,Men,Shirts,Crew Neck Shirt,22.77,0.0,01,22.77
392248,2024/12/16,249797687368,C93703924778,Women,Bottoms,Wide-Leg Pants,37.77,0.0,12,37.77
392299,2025/08/10,953215298570,C92427045989,Men,Bottoms,Jeans,28.77,0.0,08,28.77
392308,2024/06/27,785865833341,C12892769218,Men,Bottoms,Dress Pants,45.77,0.0,06,45.77
392463,2025/09/23,204485310004,C60361867999,Women,Tops,Hoodie,40.77,0.0,09,40.77
392534,2024/12/16,535541300887,C81347497208,Men,Shirts,Henley Shirt,41.77,0.0,12,41.77
392539,2025/10/11,691760197378,C13061077063,Women,Bottoms,Jeggings,31.77,0.0,10,31.77
392675,2025/01/04,744398358816,C32499401242,Women,Bottoms,Jeans,29.77,0.0,01,29.77
392698,2025/07/05,203990035480,C89987365710,Women,Bottoms,Jeggings,31.77,0.0,07,31.77
392715,2024/10/05,640871854268,C15090376159,Women,Tops,Hoodie,40.77,0.0,10,40.77
392829,2025/10/12,794349904797,C59894197693,Women,Tops,Sweater,34.77,0.0,10,34.77
392841,2025/01/01,136774547623,C94462836996,Men,Shirts,Crew Neck Shirt,22.77,0.0,01,22.77
392933,2025/10/12,376466103272,C21450317268,Women,Tops,Sweater,34.77,0.0,10,34.77
393218,2023/12/06,768993025168,C00864095833,Women,Tops,Sweater,34.77,0.0,12,34.77
393270,2025/07/17,921086645442,C52029699431,Men,Shirts,Flannel Shirt,35.77,0.0,07,35.77
393297,2024/07/30,629934684397,C55980313440,Women,Bottoms,Jeans,29.77,0.0,07,29.77
393329,2025/05/11,147427133454,C02415438414,Men,Shirts,Crew Neck Shirt,22.77,0.0,05,22.77
393428,2023/12/24,976431005070,C29559866805,Men,Shirts,Crew Neck Shirt,22.77,0.0,12,22.77
393563,2025/06/27,181053958128,C85026832141,Men,Bottoms,Dress Pants,45.77,0.0,06,45.77
393820,2024/10/28,594296210115,C75580997876,Women,Bottoms,Jeggings,31.77,0.0,10,31.77
394242,2024/03/15,235833176760,C57991399265,Women,Tops,Sweater,34.77,0.0,03,34.77
394465,2024/08/19,190127448001,C57865982763,Women,Bottoms,Jeans,29.77,0.0,08,29.77
394477,2025/06/16,342874896801,C90364549346,Women,Bottoms,Leggings,28.77,0.0,06,28.77
394514,2025/08/27,706167789787,C59259431157,Women,Bottoms,Jeggings,31.77,0.0,08,31.77
394524,2025/03/20,557090680645,C63406524439,Women,Bottoms,Jeans,29.77,0.0,03,29.77
394821,2024/04/13,300253644679,C70997090400,Men,Shirts,Henley Shirt,41.77,0.0,04,41.77
394836,2024/10/06,231122981068,C09095129077,Women,Tops,Hoodie,40.77,0.0,10,40.77
394844,2024/03/25,63998573052,C27956993510,Men,Shirts,Long-Sleeve Shirt,33.77,0.0,03,33.77
394876,2025/03/22,943495317596,C19368289373,Men,Shirts,Henley Shirt,41.77,0.0,03,41.77
395102,2024/03/04,199732092241,C84467998636,Men,Bottoms,Cargo Pants,50.77,0.0,03,50.77
395124,2024/12/18,69584265867,C58770580945,Men,Bottoms,Cargo Pants,50.77,0.0,12,50.77
395196,2025/09/08,507546017730,C35200945751,Men,Shirts,Long-Sleeve Shirt,33.77,0.0,09,33.77
395218,2024/05/23,325171201341,C02229786119,Men,Shirts,Long-Sleeve Shirt,33.77,0.0,05,33.77
395240,2025/08/28,5711739951,C26160989810,Men,Shirts,Crew Neck Shirt,22.77,0.0,08,22.77
395290,2024/03/20,462412581521,C57584396805,Women,Tops,Hoodie,40.77,0.0,03,40.77
395332,2024/04/07,793887001291,C09342085137,Men,Shirts,Henley Shirt,41.77,0.0,04,41.77
395492,2025/05/19,429560650783,C62091793384,Men,Shirts,Henley Shirt,41.77,0.0,05,41.77
395527,2025/04/11,886737380536,C37097657949,Men,Bottoms,Jeans,28.77,0.0,04,28.77
395532,2024/03/01,381960033682,C01183538186,Women,Tops,Sweater,34.77,0.0,03,34.77
395560,2023/12/20,878175558417,C82012436369,Men,Bottoms,Cargo Pants,50.77,0.0,12,50.77
395969,2024/10/13,386892434281,C16961841554,Women,Bottoms,Jeans,29.77,0.0,10,29.77
395979,2025/01/10,936765426838,C03351009642,Women,Bottoms,Jeans,29.77,0.0,01,29.77
396335,2025/10/18,171642561420,C97696196907,Men,Bottoms,Joggers,33.77,0.0,10,33.77
396408,2025/02/06,119432866764,C77428616879,Women,Tops,Hoodie,40.77,0.0,02,40.77
396451,2024/07/13,55076658848,C46019891243,Women,Bottoms,Leggings,28.77,0.0,07,28.77
396521,2024/10/26,945833708443,C52302192566,Men,Bottoms,Cargo Pants,50.77,0.0,10,50.77
396617,2025/04/08,242316342416,C54266715677,Women,Tops,Hoodie,40.77,0.0,04,40.77
396754,2025/03/22,368082075549,C76672716144,Women,Bottoms,Wide-Leg Pants,37.77,0.0,03,37.77
397415,2024/05/18,339973831016,C22831278037,Women,Bottoms,Jeans,29.77,0.0,05,29.77
397497,2024/04/28,699399658043,C22690697422,Women,Tops,Sweater,34.77,0.0,04,34.77
397760,2025/08/21,660009817400,C73320091305,Men,Bottoms,Jeans,28.77,0.0,08,28.77
397823,2024/10/12,896915068536,C22242311491,Men,Shirts,Flannel Shirt,35.77,0.0,10,35.77
397923,2024/11/22,85551185260,C20692777213,Women,Tops,Hoodie,40.77,0.0,11,40.77
398295,2024/05/17,382464470007,C23524825865,Men,Bottoms,Dress Pants,45.77,0.0,05,45.77
398438,2024/03/14,553983672416,C92726810999,Women,Tops,Hoodie,40.77,0.0,03,40.77
398481,2024/06/28,169879073196,C53331027665,Men,Bottoms,Chinos,39.77,0.0,06,39.77
398787,2025/05/16,772155165235,C44945680254,Women,Bottoms,Jeggings,31.77,0.0,05,31.77
398801,2024/09/17,772155165235,C44945680254,Women,Tops,Sweater,34.77,0.0,09,34.77
399131,2024/04/04,544070687022,C46785613012,Women,Bottoms,Jeggings,31.77,0.0,04,31.77
399177,2024/04/21,912312002738,C65123389734,Men,Shirts,Long-Sleeve Shirt,33.77,0.0,04,33.77
399311,2023/12/28,930648998041,C99467314897,Women,Tops,Hoodie,40.77,0.0,12,40.77
399424,2024/05/26,795861252460,C33168778188,Men,Shirts,Henley Shirt,41.77,0.0,05,41.77
399521,2025/07/01,585845108588,C61901595442,Men,Shirts,Crew Neck Shirt,22.77,0.0,07,22.77
399748,2025/03/16,447939529396,C74162082949,Men,Shirts,Flannel Shirt,35.77,0.0,03,35.77
399863,2024/09/28,444916066668,C75130357734,Men,Bottoms,Cargo Pants,50.77,0.0,09,50.77
450785,2024/03/12,60099337672,C37699939267,Women,Bottoms,Jeans,29.77,0.0,03,29.77
450794,2025/04/13,554447040463,C44244350154,Men,Bottoms,Jeans,28.77,0.0,04,28.77
450852,2025/03/08,17831957545,C08634573326,Women,Tops,Crop Top,20.77,0.0,03,20.77
450969,2025/02/04,600831761587,C91253506937,Men,Shirts,Button-Down Shirt,38.77,0.0,02,38.77
451097,2024/11/17,61342936973,C78731539445,Women,Tops,Crop Top,20.77,0.0,11,20.77
451245,2025/11/21,574760234872,C31668650707,Men,Bottoms,Chinos,39.77,0.0,11,39.77
451415,2024/08/23,48544424867,C26857677362,Men,Bottoms,Chinos,39.77,0.0,08,39.77
451428,2023/12/03,145107373126,C81197099970,Men,Bottoms,Jeans,28.77,0.0,12,28.77
451584,2025/08/24,392890259127,C59040873922,Men,Shirts,Crew Neck Shirt,22.77,0.0,08,22.77
451647,2025/03/15,935533875607,C10132334322,Men,Bottoms,Joggers,33.77,0.0,03,33.77
451670,2024/08/27,556010896113,C57742156448,Women,Bottoms,Leggings,28.77,0.0,08,28.77
451777,2023/12/02,194752904251,C05764744327,Men,Bottoms,Jeans,28.77,0.0,12,28.77
451783,2025/08/05,760191300225,C88687417006,Women,Tops,Off-Shoulder Top,26.77,0.0,08,26.77
452036,2025/11/19,166481731772,C94878038844,Men,Bottoms,Jeans,28.77,0.0,11,28.77
452086,2025/10/22,202910693929,C67673200558,Men,Bottoms,Jeans,28.77,0.0,10,28.77
452332,2024/06/08,645351973431,C23182201892,Women,Bottoms,Palazzo Pants,41.77,0.0,06,41.77
452343,2025/01/03,86681122091,C94090682858,Men,Bottoms,Joggers,33.77,0.0,01,33.77
452419,2025/01/15,817970614323,C06995661518,Women,Bottoms,Palazzo Pants,41.77,0.0,01,41.77
452439,2023/12/09,302781247258,C75162618679,Women,Tops,Peplum Top,27.77,0.0,12,27.77
452710,2023/12/14,783511162628,C56897658211,Men,Bottoms,Chinos,39.77,0.0,12,39.77
452716,2024/10/28,267343336446,C12266038098,Men,Bottoms,Jeans,28.77,0.0,10,28.77
452734,2024/05/10,216701292517,C72277114166,Women,Bottoms,Jeggings,31.77,0.0,05,31.77
452828,2024/03/29,555024569835,C10472544013,Women,Bottoms,Jeggings,31.77,0.0,03,31.77
452831,2024/03/09,259733858619,C03378979408,Men,Shirts,Crew Neck Shirt,22.77,0.0,03,22.77
453036,2024/06/26,87970333725,C10590915213,Women,Tops,Tunic,29.77,0.0,06,29.77
453400,2024/06/01,307744307702,C31425258645,Men,Bottoms,Jeans,28.77,0.0,06,28.77
453619,2025/02/26,79804294632,C37547166782,Men,Bottoms,Chinos,39.77,0.0,02,39.77
453636,2025/11/21,107615784674,C36809451116,Women,Tops,Peplum Top,27.77,0.0,11,27.77
453676,2025/11/03,21282453099,C44479528481,Women,Bottoms,Skirt,34.77,0.0,11,34.77
453686,2024/03/03,269442108450,C73420021075,Women,Tops,Blouse,18.77,0.0,03,18.77
453737,2025/12/14,870670788183,C23610678004,Men,Shirts,Crew Neck Shirt,22.77,0.0,12,22.77
454067,2025/05/12,234951595044,C00416892498,Men,Shirts,Polo Shirt,27.77,0.0,05,27.77
454076,2025/06/15,432148914922,C13796959986,Women,Tops,Blouse,18.77,0.0,06,18.77
454218,2025/10/05,849335124299,C86574430533,Women,Tops,Camisole,17.77,0.0,10,17.77
454319,2025/11/21,625990047496,C40525796938,Men,Shirts,Crew Neck Shirt,22.77,0.0,11,22.77
454331,2024/02/26,276958106277,C77700085569,Men,Shirts,Crew Neck Shirt,22.77,0.0,02,22.77
454363,2024/11/09,919650793276,C50784048389,Men,Shirts,Polo Shirt,27.77,0.0,11,27.77
454692,2024/07/01,865167839286,C01152326340,Men,Shirts,Polo Shirt,27.77,0.0,07,27.77
454694,2024/09/10,865167839286,C01152326340,Men,Bottoms,Joggers,33.77,0.0,09,33.77
454925,2024/11/06,983621714005,C47250222194,Men,Bottoms,Joggers,33.77,0.0,11,33.77
455033,2024/12/04,943314102560,C57752380171,Men,Bottoms,Joggers,33.77,0.0,12,33.77
455129,2024/12/03,496980750885,C54675099816,Men,Bottoms,Chinos,39.77,0.0,12,39.77
455171,2025/01/21,884883346302,C30490176618,Women,Bottoms,Jeans,29.77,0.0,01,29.77
455348,2024/12/08,658545969060,C01507049276,Women,Bottoms,Skirt,34.77,0.0,12,34.77
455537,2025/04/25,891897095748,C08231035746,Women,Tops,Blouse,18.77,0.0,04,18.77
455624,2025/02/02,582167960132,C57109841094,Women,Tops,Peplum Top,27.77,0.0,02,27.77
455772,2023/12/20,597575958834,C83407011441,Women,Tops,Off-Shoulder Top,26.77,0.0,12,26.77
455958,2025/01/08,480657724216,C74149599389,Men,Shirts,Polo Shirt,27.77,0.0,01,27.77
455968,2025/08/05,760955292418,C07193550507,Women,Bottoms,Palazzo Pants,41.77,0.0,08,41.77
456068,2025/11/09,537978988517,C60541839347,Women,Bottoms,Capris,24.77,0.0,11,24.77
456249,2025/03/18,721110252196,C58872821157,Men,Bottoms,Chinos,39.77,0.0,03,39.77
456297,2025/07/23,849718936603,C06386043716,Women,Tops,Crop Top,20.77,0.0,07,20.77
456361,2024/06/26,462401436221,C97629267110,Men,Bottoms,Chinos,39.77,0.0,06,39.77
456568,2023/12/23,761587814541,C41715278595,Women,Tops,Tunic,29.77,0.0,12,29.77
456587,2024/04/23,81802006408,C28662645690,Men,Bottoms,Jeans,28.77,0.0,04,28.77
456613,2024/03/08,980689850004,C33148544929,Men,Bottoms,Chinos,39.77,0.0,03,39.77
456688,2025/12/15,718505952879,C34856564402,Men,Bottoms,Jeans,28.77,0.0,12,28.77
456712,2024/01/06,308239911599,C88729789589,Women,Bottoms,Capris,24.77,0.0,01,24.77
456762,2025/04/15,570694407589,C02428806511,Women,Bottoms,Capris,24.77,0.0,04,24.77
456784,2024/07/30,117386079864,C43196472184,Women,Tops,Off-Shoulder Top,26.77,0.0,07,26.77
456884,2024/04/20,471921985733,C57252285868,Women,Tops,Blouse,18.77,0.0,04,18.77
457020,2024/12/05,592406692925,C09864201491,Men,Bottoms,Joggers,33.77,0.0,12,33.77
457163,2025/06/14,882930815944,C13025009077,Women,Bottoms,Jeggings,31.77,0.0,06,31.77
457307,2025/01/30,428545272730,C44633128782,Men,Shirts,Crew Neck Shirt,22.77,0.0,01,22.77
457403,2025/01/28,434728193375,C31124964719,Women,Bottoms,Jeans,29.77,0.0,01,29.77
478550,2024/06/26,638927117067,C70283198573,Men,Shirts,Crew Neck Shirt,22.77,0.0,06,22.77
478589,2024/07/22,744452336881,C91274225548,Women,Tops,Peplum Top,27.77,0.0,07,27.77
478593,2023/12/01,321644399049,C29366161487,Men,Bottoms,Joggers,33.77,0.0,12,33.77
478607,2024/07/10,84532791740,C07802292259,Women,Bottoms,Jeggings,31.77,0.0,07,31.77
478683,2025/05/12,625538451527,C84482731264,Women,Bottoms,Jeggings,31.77,0.0,05,31.77
478696,2024/10/18,353441118076,C89986735805,Women,Tops,Camisole,17.77,0.0,10,17.77
478724,2025/07/11,718049503826,C51724113866,Men,Bottoms,Chinos,39.77,0.0,07,39.77
478790,2025/04/16,528846711589,C59978465432,Men,Shirts,Polo Shirt,27.77,0.0,04,27.77
478938,2024/10/05,442143322970,C46377775721,Women,Tops,Wrap Shirt,30.77,0.0,10,30.77
478990,2024/01/16,674315158049,C94148329191,Men,Bottoms,Joggers,33.77,0.0,01,33.77
478999,2025/11/11,90973038741,C75313939355,Men,Shirts,Button-Down Shirt,38.77,0.0,11,38.77
479052,2023/12/09,916539149552,C47334610366,Men,Bottoms,Chinos,39.77,0.0,12,39.77
479152,2024/02/28,651843418431,C71511105595,Women,Tops,Blouse,18.77,0.0,02,18.77
479222,2025/03/17,914703933139,C64526644779,Men,Shirts,V-Neck Shirt,30.77,0.0,03,30.77
479522,2025/06/17,891187327141,C86766025323,Women,Tops,Off-Shoulder Top,26.77,0.0,06,26.77
479748,2024/05/26,29092650861,C58925346294,Men,Bottoms,Jeans,28.77,0.0,05,28.77
479763,2025/07/03,937252507843,C08922282930,Men,Shirts,V-Neck Shirt,30.77,0.0,07,30.77
479894,2024/05/25,872869265327,C63565997647,Women,Bottoms,Culottes,35.77,0.0,05,35.77
479941,2025/09/07,554610424912,C42173557772,Men,Bottoms,Joggers,33.77,0.0,09,33.77
480017,2025/06/15,898412203828,C09443392757,Men,Bottoms,Chinos,39.77,0.0,06,39.77
480062,2024/09/06,102415851553,C29454251384,Men,Bottoms,Joggers,33.77,0.0,09,33.77
480079,2024/04/11,623359673402,C70333368439,Men,Shirts,Polo Shirt,27.77,0.0,04,27.77
480194,2025/09/19,225340330709,C70183693515,Men,Shirts,Polo Shirt,27.77,0.0,09,27.77
480327,2024/08/15,421626858861,C63156204888,Women,Bottoms,Jeggings,31.77,0.0,08,31.77
480354,2024/01/07,43015436898,C10176223904,Women,Bottoms,Culottes,35.77,0.0,01,35.77
480358,2024/06/08,279105669154,C13888422695,Women,Bottoms,Culottes,35.77,0.0,06,35.77
480377,2025/03/24,213251973506,C64941222076,Men,Shirts,V-Neck Shirt,30.77,0.0,03,30.77
480381,2024/12/15,146228211714,C50535027986,Women,Tops,Tunic,29.77,0.0,12,29.77
480474,2024/05/06,817683615008,C32289118048,Men,Shirts,V-Neck Shirt,30.77,0.0,05,30.77
480483,2025/04/25,105606076023,C28005249298,Women,Tops,Crop Top,20.77,0.0,04,20.77
480612,2025/04/25,243614941808,C25270259616,Women,Tops,Peplum Top,27.77,0.0,04,27.77
480672,2025/04/14,70640331361,C14013187917,Men,Shirts,V-Neck Shirt,30.77,0.0,04,30.77
480704,2024/07/12,371908097741,C96690486549,Men,Shirts,V-Neck Shirt,30.77,0.0,07,30.77
480721,2024/01/14,719689083515,C83624093203,Men,Bottoms,Jeans,28.77,0.0,01,28.77
480732,2025/08/18,447123651061,C09203004652,Men,Shirts,Polo Shirt,27.77,0.0,08,27.77
480769,2025/04/26,431769956015,C83237464912,Men,Shirts,V-Neck Shirt,30.77,0.0,04,30.77
480945,2025/07/05,916727190220,C88048900758,Women,Tops,Tunic,29.77,0.0,07,29.77
480965,2025/08/25,407876628533,C96256842386,Women,Tops,Crop Top,20.77,0.0,08,20.77
481240,2025/10/04,43425315498,C03962552795,Men,Bottoms,Chinos,39.77,0.0,10,39.77
481319,2024/12/26,849981830850,C83705587012,Men,Shirts,Button-Down Shirt,38.77,0.0,12,38.77
481338,2025/11/13,763595618908,C98477657953,Men,Shirts,Polo Shirt,27.77,0.0,11,27.77
481355,2024/05/21,171013573692,C20068555529,Women,Bottoms,Leggings,28.77,0.0,05,28.77
481421,2024/06/24,359241932221,C69264789547,Men,Bottoms,Jeans,28.77,0.0,06,28.77
481449,2024/04/29,825181958853,C55301682224,Women,Bottoms,Palazzo Pants,41.77,0.0,04,41.77
481615,2024/02/09,433023195958,C23723137632,Women,Bottoms,Jeggings,31.77,0.0,02,31.77
481656,2024/07/31,231635991839,C16582010877,Men,Bottoms,Chinos,39.77,0.0,07,39.77
481943,2025/09/22,451991150048,C96540271777,Men,Shirts,Crew Neck Shirt,22.77,0.0,09,22.77
482006,2025/10/18,156822649608,C87973633789,Women,Bottoms,Palazzo Pants,41.77,0.0,10,41.77
482267,2023/12/04,431398608379,C89096322593,Men,Shirts,Button-Down Shirt,38.77,0.0,12,38.77
482409,2024/01/15,624782080904,C19131027993,Women,Tops,Off-Shoulder Top,26.77,0.0,01,26.77
482695,2025/01/26,781873539525,C10152357135,Women,Bottoms,Palazzo Pants,41.77,0.0,01,41.77
482733,2024/01/01,162455448966,C21457997695,Men,Shirts,Polo Shirt,27.77,0.0,01,27.77
482955,2025/05/08,461961432338,C24621455715,Men,Shirts,Polo Shirt,27.77,0.0,05,27.77
483061,2025/09/10,827069210623,C15383012601,Women,Bottoms,Jeans,29.77,0.0,09,29.77
483090,2024/03/07,356161493784,C00761149410,Men,Shirts,Polo Shirt,27.77,0.0,03,27.77
483154,2026/01/01,602281475381,C96751440171,Women,Bottoms,Wide-Leg Pants,37.77,0.0,01,37.77
483157,2025/07/25,447440936480,C89551195490,Women,Tops,Off-Shoulder Top,26.77,0.0,07,26.77
483302,2025/08/25,340300746541,C19028961659,Women,Tops,Crop Top,20.77,0.0,08,20.77
483402,2025/07/15,841644710690,C54681316317,Women,Tops,Off-Shoulder Top,26.77,0.0,07,26.77
483429,2024/05/27,300045365446,C26410006502,Women,Bottoms,Jeggings,31.77,0.0,05,31.77
483442,2024/09/16,290241769075,C40387823095,Men,Bottoms,Joggers,33.77,0.0,09,33.77
483583,2024/07/29,87816871074,C02194664241,Men,Bottoms,Joggers,33.77,0.0,07,33.77
483592,2025/06/07,269517428861,C75248181996,Women,Bottoms,Leggings,28.77,0.0,06,28.77
483736,2024/02/23,248975175386,C76095149201,Men,Bottoms,Jeans,28.77,0.0,02,28.77
483769,2024/10/09,267439598775,C11781195971,Men,Shirts,Button-Down Shirt,38.77,0.0,10,38.77
483948,2024/07/29,755732092780,C37516360359,Men,Bottoms,Jeans,28.77,0.0,07,28.77
484105,2024/09/06,392292540364,C03132145324,Men,Shirts,Polo Shirt,27.77,0.0,09,27.77
484187,2024/06/05,672528846250,C72225239627,Women,Bottoms,Jeans,29.77,0.0,06,29.77
484350,2024/02/26,102247049973,C42319959467,Men,Shirts,V-Neck Shirt,30.77,0.0,02,30.77
484611,2024/09/29,631096000801,C02147464633,Women,Bottoms,Palazzo Pants,41.77,0.0,09,41.77
484763,2024/09/05,71491996410,C98206701965,Men,Bottoms,Joggers,33.77,0.0,09,33.77
484776,2025/11/15,785201638077,C58785750077,Men,Bottoms,Joggers,33.77,0.0,11,33.77
484844,2024/04/24,199332287046,C98559618826,Women,Bottoms,Leggings,28.77,0.0,04,28.77
484851,2023/12/09,223915486279,C37700856955,Men,Shirts,Crew Neck Shirt,22.77,0.0,12,22.77
499500,2025/02/13,861437581430,C82087366546,Men,Bottoms,Joggers,33.77,0.0,02,33.77
499841,2024/03/16,982236688453,C65763201198,Women,Tops,Off-Shoulder Top,26.77,0.0,03,26.77
499958,2025/03/28,442213567903,C92870081274,Men,Shirts,Crew Neck Shirt,22.77,0.0,03,22.77
500056,2025/03/11,66412501777,C33758071514,Men,Bottoms,Joggers,33.77,0.0,03,33.77
500174,2024/11/18,266492608787,C70410629750,Men,Shirts,V-Neck Shirt,30.77,0.0,11,30.77
500345,2024/02/24,892476991173,C20983253156,Women,Bottoms,Jeggings,31.77,0.0,02,31.77
500376,2024/01/30,335083006613,C56118487300,Women,Bottoms,Leggings,28.77,0.0,01,28.77
500412,2024/10/29,665550229549,C40375743896,Men,Shirts,Polo Shirt,27.77,0.0,10,27.77
500526,2025/12/12,931709070152,C87496186954,Women,Tops,Wrap Shirt,30.77,0.0,12,30.77
500565,2025/10/06,120604396987,C28269246170,Men,Bottoms,Jeans,28.77,0.0,10,28.77
500614,2025/10/10,661459787644,C39827328738,Women,Tops,Tunic,29.77,0.0,10,29.77
500800,2024/05/26,185991278168,C13086651249,Women,Tops,Off-Shoulder Top,26.77,0.0,05,26.77
500919,2023/12/25,952544862814,C96694917676,Women,Bottoms,Leggings,28.77,0.0,12,28.77
500927,2025/01/04,928157155613,C31081044415,Men,Bottoms,Chinos,39.77,0.0,01,39.77
500931,2025/06/15,928157155613,C31081044415,Men,Shirts,Crew Neck Shirt,22.77,0.0,06,22.77
500986,2024/07/30,560674444038,C07886522233,Women,Bottoms,Jeans,29.77,0.0,07,29.77
501065,2025/04/20,383336026525,C75145335899,Women,Bottoms,Jeans,29.77,0.0,04,29.77
501339,2025/07/31,109580556496,C91194212871,Men,Bottoms,Jeans,28.77,0.0,07,28.77
501416,2023/12/24,426155176280,C20467427088,Men,Shirts,Crew Neck Shirt,22.77,0.0,12,22.77
501515,2025/08/01,45660193850,C60506897856,Women,Bottoms,Jeans,29.77,0.0,08,29.77
501732,2023/12/14,924833982641,C09714329922,Men,Shirts,Polo Shirt,27.77,0.0,12,27.77
501742,2025/03/16,626324429070,C51643299811,Women,Bottoms,Skirt,34.77,0.0,03,34.77
501778,2024/03/23,592937483072,C20940147505,Women,Bottoms,Jeans,29.77,0.0,03,29.77
501936,2025/05/18,404600174400,C20852456504,Men,Shirts,Crew Neck Shirt,22.77,0.0,05,22.77
501940,2024/05/20,407493803214,C00453431294,Women,Tops,Peplum Top,27.77,0.0,05,27.77
502260,2025/12/07,534539822314,C04480266729,Women,Tops,Blouse,18.77,0.0,12,18.77
502379,2025/04/20,276346136239,C99611784534,Men,Bottoms,Joggers,33.77,0.0,04,33.77
502443,2025/05/19,866760838114,C33617064174,Women,Tops,Blouse,18.77,0.0,05,18.77
502467,2024/05/25,500415434314,C71084512335,Men,Shirts,V-Neck Shirt,30.77,0.0,05,30.77
502777,2024/07/11,650075454579,C93804799579,Women,Tops,Blouse,18.77,0.0,07,18.77
502838,2024/06/07,928210118755,C28853505325,Women,Tops,Tunic,29.77,0.0,06,29.77
502979,2023/12/06,911189082743,C68611651745,Women,Bottoms,Palazzo Pants,41.77,0.0,12,41.77
503104,2024/07/08,811272121516,C56553481975,Men,Shirts,Button-Down Shirt,38.77,0.0,07,38.77
503113,2025/03/16,26940988335,C71760118572,Women,Bottoms,Culottes,35.77,0.0,03,35.77
503277,2025/05/20,717183908889,C45600623431,Men,Shirts,Crew Neck Shirt,22.77,0.0,05,22.77
503294,2024/07/30,592920919968,C84277590573,Women,Tops,Crop Top,20.77,0.0,07,20.77
503499,2024/06/24,900682093328,C13909340052,Women,Bottoms,Wide-Leg Pants,37.77,0.0,06,37.77
503607,2024/04/22,173749353218,C18053583259,Men,Bottoms,Jeans,28.77,0.0,04,28.77
503639,2025/07/08,24552424683,C41484248130,Women,Tops,Off-Shoulder Top,26.77,0.0,07,26.77
503683,2024/03/14,216086224532,C59737588266,Men,Bottoms,Chinos,39.77,0.0,03,39.77
503720,2025/08/31,334389328236,C50603096060,Men,Bottoms,Joggers,33.77,0.0,08,33.77
503971,2024/02/26,352273602836,C97392339196,Women,Bottoms,Jeans,29.77,0.0,02,29.77
504078,2024/04/12,906865787277,C16299742287,Women,Tops,Peplum Top,27.77,0.0,04,27.77
504107,2024/10/17,155125989274,C69167450441,Women,Bottoms,Wide-Leg Pants,37.77,0.0,10,37.77
504108,2024/12/14,155125989274,C69167450441,Women,Bottoms,Culottes,35.77,0.0,12,35.77
504133,2024/03/22,938429394643,C73606166084,Men,Bottoms,Jeans,28.77,0.0,03,28.77
504159,2024/09/03,778800151272,C72656622234,Women,Bottoms,Wide-Leg Pants,37.77,0.0,09,37.77
504201,2025/08/08,396931107984,C81097698462,Men,Shirts,V-Neck Shirt,30.77,0.0,08,30.77
504208,2026/01/16,536340341207,C38787068249,Women,Bottoms,Skirt,34.77,0.0,01,34.77
504394,2024/01/14,249529804876,C69298549444,Men,Shirts,Crew Neck Shirt,22.77,0.0,01,22.77
504580,2024/06/30,325988068616,C16098859326,Women,Tops,Off-Shoulder Top,26.77,0.0,06,26.77
504723,2025/05/14,662425964203,C18215868988,Men,Bottoms,Jeans,28.77,0.0,05,28.77
504916,2024/05/01,268603355478,C69119549213,Women,Bottoms,Wide-Leg Pants,37.77,0.0,05,37.77
504940,2025/08/16,700480475863,C77248508111,Men,Shirts,Crew Neck Shirt,22.77,0.0,08,22.77
504972,2024/01/12,668970403612,C32256618564,Men,Shirts,V-Neck Shirt,30.77,0.0,01,30.77
505024,2025/07/18,779193209987,C29734957516,Men,Shirts,Polo Shirt,27.77,0.0,07,27.77
505028,2024/07/29,118418359853,C09461545865,Men,Shirts,Crew Neck Shirt,22.77,0.0,07,22.77
505029,2024/02/10,946673538115,C91906286757,Women,Bottoms,Jeggings,31.77,0.0,02,31.77
505225,2024/04/22,859054318775,C87304610111,Women,Bottoms,Culottes,35.77,0.0,04,35.77
505286,2024/10/17,302552151603,C59071469103,Men,Bottoms,Chinos,39.77,0.0,10,39.77
505338,2024/01/20,296625965887,C97915223465,Women,Bottoms,Skirt,34.77,0.0,01,34.77
505350,2025/05/23,126816953919,C88954234647,Women,Tops,Tunic,29.77,0.0,05,29.77
505360,2025/08/05,218535906058,C75732218933,Women,Tops,Off-Shoulder Top,26.77,0.0,08,26.77
505573,2024/06/26,794824906860,C14582527528,Women,Bottoms,Capris,24.77,0.0,06,24.77
505667,2025/10/21,476180684167,C58142390756,Men,Bottoms,Joggers,33.77,0.0,10,33.77
505706,2025/09/18,62377037724,C11344714967,Men,Shirts,Polo Shirt,27.77,0.0,09,27.77
505730,2024/05/08,41824121178,C76436530422,Men,Bottoms,Chinos,39.77,0.0,05,39.77
505797,2024/04/27,530658385140,C88901503787,Men,Bottoms,Jeans,28.77,0.0,04,28.77
505956,2024/10/10,8623400117,C29283986450,Women,Bottoms,Palazzo Pants,41.77,0.0,10,41.77
505981,2024/11/18,155202945824,C63371572013,Women,Tops,Blouse,18.77,0.0,11,18.77
506004,2025/06/04,711558609111,C36880473207,Men,Bottoms,Chinos,39.77,0.0,06,39.77
506158,2024/08/07,157086932678,C98049665712,Women,Bottoms,Capris,24.77,0.0,08,24.77
506165,2024/08/02,233182878628,C94511991092,Men,Bottoms,Joggers,33.77,0.0,08,33.77
506359,2024/04/22,762585208786,C15856342437,Women,Bottoms,Capris,24.77,0.0,04,24.77
506361,2023/12/13,779629431640,C69730860864,Men,Shirts,Crew Neck Shirt,22.77,0.0,12,22.77
506440,2024/03/05,83675255361,C17753058664,Men,Shirts,V-Neck Shirt,30.77,0.0,03,30.77
541312,2024/11/29,604176326946,C77398792866,Women,Tops,Peplum Top,27.77,0.0,11,27.77
541327,2025/09/03,863548031378,C16452257654,Women,Tops,Tank Top,15.77,0.0,09,15.77
541337,2025/09/05,608400323469,C10408665203,Women,Tops,Crop Top,20.77,0.0,09,20.77
541389,2024/03/09,874339986896,C44689774921,Women,Tops,Tank Top,15.77,0.0,03,15.77
541569,2024/11/27,101156703273,C10336203149,Women,Bottoms,Jeggings,31.77,0.0,11,31.77
541726,2025/10/07,26681437820,C85554496561,Women,Bottoms,Wide-Leg Pants,37.77,0.0,10,37.77
541848,2024/01/19,382970178501,C25820088420,Women,Bottoms,Jeans,29.77,0.0,01,29.77
542272,2025/08/12,473343202008,C99498681841,Women,Bottoms,Capris,24.77,0.0,08,24.77
542433,2024/07/28,139256742132,C13169363835,Men,Shirts,Button-Down Shirt,38.77,0.0,07,38.77
542500,2024/09/05,149717464729,C96620344047,Men,Bottoms,Bermuda Shorts,25.77,0.0,09,25.77
542587,2024/10/11,800012302585,C01013721860,Men,Bottoms,Cargo Shorts,27.77,0.0,10,27.77
542618,2024/06/15,573413384046,C33561606709,Men,Shirts,Polo Shirt,27.77,0.0,06,27.77
542622,2023/12/02,913422015289,C51762527841,Women,Tops,Camisole,17.77,0.0,12,17.77
542625,2025/08/21,575183970607,C20685537877,Men,Bottoms,Jeans,28.77,0.0,08,28.77
542642,2025/10/09,868659187017,C56817782631,Women,Bottoms,Culottes,35.77,0.0,10,35.77
542792,2024/05/06,280705783311,C01676590643,Women,Bottoms,Wide-Leg Pants,37.77,0.0,05,37.77
542906,2024/01/30,708855485172,C22007406435,Women,Bottoms,Jeggings,31.77,0.0,01,31.77
542934,2024/05/31,928038684308,C32419279246,Men,Shirts,Button-Down Shirt,38.77,0.0,05,38.77
542969,2024/09/15,984558378478,C33806404540,Men,Bottoms,Jeans,28.77,0.0,09,28.77
543193,2025/12/09,253150879364,C26663402489,Women,Tops,Blouse,18.77,0.0,12,18.77
543525,2025/05/06,653654985962,C66099737676,Women,Bottoms,Skirt,34.77,0.0,05,34.77
543591,2025/09/27,747750554918,C98495536148,Men,Shirts,Polo Shirt,27.77,0.0,09,27.77
543598,2025/05/27,802182907218,C27954128933,Men,Shirts,V-Neck Shirt,30.77,0.0,05,30.77
543686,2023/11/24,596832350728,C04873438878,Women,Tops,Peplum Top,27.77,0.0,11,27.77
543833,2024/01/18,437053727948,C18856636652,Men,Bottoms,Cargo Shorts,27.77,0.0,01,27.77
543934,2024/07/12,718842401719,C08102198549,Women,Tops,Tank Top,15.77,0.0,07,15.77
544013,2025/07/13,679048879097,C45899750684,Men,Bottoms,Jeans,28.77,0.0,07,28.77
544031,2025/12/22,386557049463,C50427965435,Men,Bottoms,Joggers,33.77,0.0,12,33.77
544037,2025/09/24,381139622553,C56100657087,Men,Shirts,Polo Shirt,27.77,0.0,09,27.77
544240,2025/08/12,939746609620,C41758456090,Men,Shirts,Button-Down Shirt,38.77,0.0,08,38.77
544408,2024/09/14,151645087682,C47591169292,Women,Bottoms,Palazzo Pants,41.77,0.0,09,41.77
544495,2025/10/21,140514441001,C27143601828,Women,Tops,Off-Shoulder Top,26.77,0.0,10,26.77
544529,2024/06/16,582791862813,C76745227543,Women,Tops,Blouse,18.77,0.0,06,18.77
544704,2025/06/20,338758956296,C37364967175,Women,Tops,Tunic,29.77,0.0,06,29.77
544831,2025/09/09,524834356803,C67568556348,Women,Bottoms,Skirt,34.77,0.0,09,34.77
544961,2024/03/16,40037124566,C72297184936,Men,Shirts,T-Shirt,24.77,0.0,03,24.77
544975,2026/01/20,473083864427,C35162653741,Women,Bottoms,Jeans,29.77,0.0,01,29.77
544999,2026/02/04,923024399607,C25493406521,Men,Bottoms,Shorts,22.77,0.0,02,22.77
545172,2025/11/03,799594621363,C73073194933,Men,Shirts,Button-Down Shirt,38.77,0.0,11,38.77
545402,2025/11/04,87581611485,C41452709464,Women,Tops,Crop Top,20.77,0.0,11,20.77
545451,2024/01/25,303008562293,C61020981835,Men,Shirts,V-Neck Shirt,30.77,0.0,01,30.77
545657,2025/03/29,200654526605,C28232602040,Women,Bottoms,Wide-Leg Pants,37.77,0.0,03,37.77
545677,2024/11/29,515662629322,C88405104997,Women,Bottoms,Jeggings,31.77,0.0,11,31.77
545714,2025/02/13,968026969051,C60773606428,Men,Bottoms,Jeans,28.77,0.0,02,28.77
545978,2025/04/13,230016509870,C10896635339,Women,Bottoms,Capris,24.77,0.0,04,24.77
546088,2025/06/19,314560049864,C99954726143,Women,Tops,Camisole,17.77,0.0,06,17.77
546187,2024/11/29,840190509810,C28489661927,Women,Bottoms,Jeggings,31.77,0.0,11,31.77
546365,2026/01/07,786788961124,C70436599595,Men,Shirts,T-Shirt,24.77,0.0,01,24.77
546411,2025/04/22,275780299166,C29328578315,Men,Shirts,Hawaiian Shirt,29.77,0.0,04,29.77
546786,2024/12/12,108677198368,C43035242855,Men,Shirts,Polo Shirt,27.77,0.0,12,27.77
546919,2025/11/29,970677845933,C76858930690,Men,Bottoms,Chinos,39.77,0.0,11,39.77
546954,2024/10/21,594212193586,C79028747796,Women,Tops,Tank Top,15.77,0.0,10,15.77
546988,2025/03/03,555917055498,C11424416983,Women,Bottoms,Wide-Leg Pants,37.77,0.0,03,37.77
547041,2024/01/24,217164121407,C53046598697,Men,Bottoms,Cargo Shorts,27.77,0.0,01,27.77
547071,2024/01/06,969256829164,C00538419923,Women,Bottoms,Shorts,21.77,0.0,01,21.77
547091,2025/12/25,898590788024,C39581125776,Women,Tops,Tunic,29.77,0.0,12,29.77
547182,2024/06/27,75781052883,C05691113560,Women,Tops,Blouse,18.77,0.0,06,18.77
547303,2024/06/06,897030376840,C25579709259,Men,Bottoms,Shorts,22.77,0.0,06,22.77
547309,2025/11/13,573273960658,C47852475331,Men,Shirts,V-Neck Shirt,30.77,0.0,11,30.77
547368,2025/09/05,214607269419,C80684789423,Women,Tops,Off-Shoulder Top,26.77,0.0,09,26.77
547408,2025/03/18,449027772115,C49486773957,Men,Shirts,Hawaiian Shirt,29.77,0.0,03,29.77
547438,2023/12/20,689119686366,C66835210792,Men,Bottoms,Bermuda Shorts,25.77,0.0,12,25.77
547477,2025/09/20,416534982750,C96795799873,Women,Tops,Tunic,29.77,0.0,09,29.77
547495,2024/03/21,177849153338,C88181507530,Women,Bottoms,Skirt,34.77,0.0,03,34.77
547570,2024/10/17,225318580746,C65739058267,Men,Shirts,Button-Down Shirt,38.77,0.0,10,38.77
547776,2025/04/11,453475485231,C95336780079,Men,Bottoms,Cargo Shorts,27.77,0.0,04,27.77
590382,2025/08/14,159514737273,C69398590532,Women,Tops,Off-Shoulder Top,26.77,0.0,08,26.77
590482,2025/03/21,692290970552,C34955952471,Women,Tops,Crop Top,20.77,0.0,03,20.77
590543,2025/01/22,304384904107,C70022215877,Men,Shirts,V-Neck Shirt,30.77,0.0,01,30.77
590575,2023/12/05,887964162553,C52529283400,Women,Tops,Crop Top,20.77,0.0,12,20.77
590696,2024/02/06,776662739204,C14089086109,Women,Bottoms,Leggings,28.77,0.0,02,28.77
590821,2024/02/20,366234577057,C72386844576,Men,Bottoms,Cargo Shorts,27.77,0.0,02,27.77
590969,2025/04/09,938534853764,C99350867271,Men,Bottoms,Joggers,33.77,0.0,04,33.77
590970,2025/02/13,938534853764,C99350867271,Men,Shirts,V-Neck Shirt,30.77,0.0,02,30.77
591114,2025/09/30,574111260898,C03979163986,Women,Tops,Tunic,29.77,0.0,09,29.77
591213,2025/03/04,869750163699,C28219500549,Men,Shirts,V-Neck Shirt,30.77,0.0,03,30.77
591289,2025/07/30,184727721227,C51348648744,Women,Tops,Peplum Top,27.77,0.0,07,27.77
591319,2023/12/09,710247781782,C02190386592,Men,Shirts,Hawaiian Shirt,29.77,0.0,12,29.77
591597,2026/04/16,533671503971,C52093327214,Men,Bottoms,Chinos,39.77,0.0,04,39.77
591670,2024/06/26,703635324654,C52356508923,Men,Bottoms,Bermuda Shorts,25.77,0.0,06,25.77
591752,2025/02/16,246532758263,C15239120067,Men,Shirts,Button-Down Shirt,38.77,0.0,02,38.77
591767,2024/11/18,80979207422,C30899108144,Men,Bottoms,Bermuda Shorts,25.77,0.0,11,25.77
591771,2025/06/04,241288850316,C02940222110,Women,Bottoms,Wide-Leg Pants,37.77,0.0,06,37.77
591802,2025/11/13,875743753995,C48258165265,Men,Bottoms,Bermuda Shorts,25.77,0.0,11,25.77
591805,2026/02/02,492459733525,C19093950602,Men,Shirts,Polo Shirt,27.77,0.0,02,27.77
591880,2025/03/20,572434442186,C97078695995,Women,Bottoms,Skirt,34.77,0.0,03,34.77
591931,2024/11/22,420042426771,C75333602526,Men,Bottoms,Chinos,39.77,0.0,11,39.77
591964,2024/05/05,583319889765,C77005472517,Women,Bottoms,Culottes,35.77,0.0,05,35.77
592147,2025/01/18,329614711093,C58552869625,Women,Tops,Blouse,18.77,0.0,01,18.77
592189,2025/02/19,439819016923,C16997873150,Men,Bottoms,Bermuda Shorts,25.77,0.0,02,25.77
592482,2024/02/14,413518886395,C26459262578,Men,Shirts,Polo Shirt,27.77,0.0,02,27.77
592571,2024/08/17,863857112441,C73237900201,Women,Bottoms,Jeggings,31.77,0.0,08,31.77
592749,2024/04/15,527027164079,C43256622070,Women,Bottoms,Capris,24.77,0.0,04,24.77
592866,2025/06/17,34309254731,C77530055610,Women,Bottoms,Palazzo Pants,41.77,0.0,06,41.77
592966,2025/10/01,738243816168,C82013860767,Women,Bottoms,Shorts,21.77,0.0,10,21.77
593091,2024/04/18,560117167900,C72009579102,Men,Bottoms,Shorts,22.77,0.0,04,22.77
593097,2026/03/13,951249071250,C24424265377,Men,Bottoms,Chinos,39.77,0.0,03,39.77
593145,2024/06/16,732676192676,C47651441442,Women,Bottoms,Culottes,35.77,0.0,06,35.77
593183,2026/03/18,970927748752,C72946038525,Men,Bottoms,Cargo Shorts,27.77,0.0,03,27.77
593184,2024/10/14,300137994974,C90351202262,Men,Bottoms,Shorts,22.77,0.0,10,22.77
593273,2023/12/04,619145452198,C58145726689,Women,Tops,Peplum Top,27.77,0.0,12,27.77
593275,2026/01/21,619145452198,C58145726689,Women,Tops,Blouse,18.77,0.0,01,18.77
593280,2025/08/14,12125242247,C96636204804,Men,Shirts,Button-Down Shirt,38.77,0.0,08,38.77
593343,2024/12/04,437128016228,C77224578786,Men,Bottoms,Jeans,28.77,0.0,12,28.77
593385,2024/03/30,539942965536,C80156936885,Women,Bottoms,Shorts,21.77,0.0,03,21.77
593454,2025/06/17,395125805477,C60003428652,Men,Shirts,V-Neck Shirt,30.77,0.0,06,30.77
593506,2026/03/03,412225514873,C21378493023,Women,Bottoms,Jeans,29.77,0.0,03,29.77
593635,2026/03/24,209766888225,C15836893062,Men,Shirts,Button-Down Shirt,38.77,0.0,03,38.77
593842,2025/01/04,811380770585,C02429464623,Men,Shirts,T-Shirt,24.77,0.0,01,24.77
593905,2026/03/17,484180000341,C67850114756,Men,Bottoms,Jeans,28.77,0.0,03,28.77
593979,2024/11/11,483441832221,C99444830403,Women,Tops,Crop Top,20.77,0.0,11,20.77
594210,2024/06/24,46354178891,C41018892219,Men,Shirts,V-Neck Shirt,30.77,0.0,06,30.77
594308,2026/03/07,366139267728,C00372624791,Men,Shirts,Polo Shirt,27.77,0.0,03,27.77
594378,2026/03/27,257241760983,C91551471266,Women,Bottoms,Shorts,21.77,0.0,03,21.77
594405,2025/10/29,557346758664,C58375789614,Men,Bottoms,Jeans,28.77,0.0,10,28.77
594490,2024/06/14,198608046878,C92546156334,Women,Tops,Tunic,29.77,0.0,06,29.77
594644,2024/11/13,516315051404,C73171803567,Women,Bottoms,Wide-Leg Pants,37.77,0.0,11,37.77
594803,2023/12/03,859293835200,C83040233964,Women,Bottoms,Capris,24.77,0.0,12,24.77
594904,2025/05/20,782261313830,C97682038854,Men,Shirts,Crew Neck Shirt,22.77,0.0,05,22.77
594971,2023/12/31,585847787094,C22500313257,Women,Tops,Crop Top,20.77,0.0,12,20.77
595300,2025/09/23,871375307035,C75145801164,Women,Bottoms,Capris,24.77,0.0,09,24.77
595329,2025/03/12,412806941693,C55837114940,Women,Tops,Tank Top,15.77,0.0,03,15.77
595461,2025/11/08,512258858308,C07320856254,Men,Bottoms,Chinos,39.77,0.0,11,39.77
595471,2024/04/29,952878693766,C11524238820,Women,Tops,Tunic,29.77,0.0,04,29.77
595477,2024/11/13,294408389101,C67472875048,Women,Tops,Tunic,29.77,0.0,11,29.77
595527,2024/11/18,284267922607,C34899041007,Men,Bottoms,Joggers,33.77,0.0,11,33.77
595536,2025/07/15,279396660894,C00631425723,Men,Shirts,T-Shirt,24.77,0.0,07,24.77
595647,2025/12/29,48404493195,C44444931514,Women,Bottoms,Shorts,21.77,0.0,12,21.77
595655,2024/09/20,18284722936,C17329472834,Women,Bottoms,Jeans,29.77,0.0,09,29.77
595656,2024/08/21,18284722936,C17329472834,Women,Bottoms,Jeggings,31.77,0.0,08,31.77
595948,2024/08/12,277490497692,C88851617289,Men,Bottoms,Shorts,22.77,0.0,08,22.77
596108,2023/12/13,912871353382,C88460737647,Women,Tops,Tunic,29.77,0.0,12,29.77
596176,2024/06/03,401662347066,C50929647927,Women,Tops,Peplum Top,27.77,0.0,06,27.77
596196,2025/09/30,589802965162,C97947862245,Men,Shirts,T-Shirt,24.77,0.0,09,24.77
596237,2024/10/25,250774152285,C19881118067,Men,Shirts,Crew Neck Shirt,22.77,0.0,10,22.77
596335,2024/04/04,862694712946,C03606515299,Men,Bottoms,Bermuda Shorts,25.77,0.0,04,25.77
596393,2026/02/04,124135139972,C08701074042,Women,Tops,Camisole,17.77,0.0,02,17.77
596525,2025/03/18,241895390633,C24098699497,Men,Shirts,T-Shirt,24.77,0.0,03,24.77
596751,2024/08/01,446120771550,C02198898154,Women,Bottoms,Capris,24.77,0.0,08,24.77
596765,2025/05/25,379429018075,C58764710906,Women,Bottoms,Wide-Leg Pants,37.77,0.0,05,37.77
597015,2025/04/11,13958664466,C92481306327,Women,Tops,Tank Top,15.77,0.0,04,15.77
597341,2024/07/01,552352285103,C95866919013,Women,Bottoms,Jeans,29.77,0.0,07,29.77
597432,2024/03/23,843152921988,C94003784014,Men,Shirts,Hawaiian Shirt,29.77,0.0,03,29.77
597440,2024/06/02,481055731329,C56103648349,Men,Bottoms,Bermuda Shorts,25.77,0.0,06,25.77
597493,2024/07/03,585471247449,C83481498166,Men,Shirts,Crew Neck Shirt,22.77,0.0,07,22.77
597518,2025/09/29,89298092748,C93896799648,Men,Shirts,Button-Down Shirt,38.77,0.0,09,38.77
597525,2025/10/05,446173027524,C28646328237,Women,Bottoms,Capris,24.77,0.0,10,24.77
597693,2024/04/28,559702338390,C57030341005,Women,Bottoms,Capris,24.77,0.0,04,24.77
597753,2025/12/31,213174053429,C67498796533,Men,Shirts,T-Shirt,24.77,0.0,12,24.77
597760,2024/04/27,594342115079,C91517926047,Women,Tops,Crop Top,20.77,0.0,04,20.77
653722,2025/05/23,142443219810,C33669301684,Men,Bottoms,Corduroy Pants,38.77,0.0,05,38.77
653764,2026/02/10,993663951196,C70538122076,Men,Shirts,Dress Shirt,32.77,0.0,02,32.77
653940,2025/02/15,169684618013,C23121273077,Men,Shirts,Long-Sleeve Shirt,33.77,0.0,02,33.77
653985,2026/03/05,677993974002,C16314282469,Women,Bottoms,Skirt,34.77,0.0,03,34.77
654049,2025/01/11,268751800711,C17544061663,Men,Shirts,Crew Neck Shirt,22.77,0.0,01,22.77
654124,2025/02/17,3320320618,C02537445653,Men,Shirts,Long-Sleeve Shirt,33.77,0.0,02,33.77
654188,2025/10/15,206336098584,C72137065837,Women,Bottoms,Wide-Leg Pants,37.77,0.0,10,37.77
654371,2024/06/05,63006495073,C94425581376,Men,Bottoms,Chinos,39.77,0.0,06,39.77
654528,2024/04/02,480147942592,C73301009737,Men,Bottoms,Cargo Pants,50.77,0.0,04,50.77
654616,2024/08/12,135056617993,C25501363984,Men,Bottoms,Chinos,39.77,0.0,08,39.77
654801,2024/05/04,500533095434,C81412781036,Women,Bottoms,Leggings,28.77,0.0,05,28.77
654923,2024/07/10,32090635692,C61901695293,Women,Bottoms,Skirt,34.77,0.0,07,34.77
654930,2025/05/09,504608285735,C00950751219,Women,Bottoms,Culottes,35.77,0.0,05,35.77
654956,2026/03/10,601185838536,C85182445065,Men,Bottoms,Chinos,39.77,0.0,03,39.77
654966,2024/12/01,74185730550,C97288685819,Men,Shirts,Crew Neck Shirt,22.77,0.0,12,22.77
655010,2026/04/23,450492858598,C87098628772,Women,Tops,Blouse,18.77,0.0,04,18.77
655090,2025/08/10,864586279890,C26421882147,Men,Bottoms,Corduroy Pants,38.77,0.0,08,38.77
655321,2026/04/11,436885001936,C97686118432,Men,Bottoms,Jeans,28.77,0.0,04,28.77
655488,2026/05/08,485143804486,C82856234840,Women,Tops,Tunic,29.77,0.0,05,29.77
